Statistic, Task, 0 min, 10 min, 20 min, 30 min, 40 min, 50 min, 60 min, 70 min, 80 min, 90 min, 100 min, 110 min, 120 min, 130 min, 140 min, 150 min, 160 min, 170 min, 180 min, 190 min, 200 min, 210 min, 220 min, 230 min, 240 min, 250 min, 260 min, 270 min, 280 min, 290 min, 300 min, 310 min, 320 min, 330 min, 340 min, 350 min, 360 min, 370 min, 380 min, 390 min, 400 min, 410 min, 420 min, 430 min, 440 min, 450 min, 460 min, 470 min,
Utilization, 0, 0.118177, 0.126955, 0.132923, 0.0230013, 0.0257402, 0.0232731, 0.0205583, 0.0211695, 0.0246908, 0.0211079, 0.0207009, 0.0199377, 0.0211139, 0.0215998, 0.0242488, 0.0266785, 0.0196117, 0.0205724, 0.0239057, 0.0239667, 0.0223322, 0.0242528, 0.0210112, 0.0175701, 0.0220742, 0.022606, 0.0230026, 0.0239155, 0.0265394, 0.0248922, 0.0193729, 0.019597, 0.0215345, 0.0220382, 0.0233254, 0.0205629, 0.0283185, 0.0214576, 0.0249333, 0.025863, 0.0259318, 0.0193413, 0.0195792, 0.0234893, 0.0257874, 0.104218, 0.102553, 0.107576
, , 0.0503713, 0.0561524, 0.068358, 0.0232408, 0.0302254, 0.0238205, 0.0247901, 0.0241889, 0.0256852, 0.0253157, 0.0219037, 0.0205946, 0.0218248, 0.0222347, 0.0272359, 0.03055, 0.0224419, 0.0234819, 0.0241241, 0.027335, 0.0251781, 0.0239049, 0.0226605, 0.0192412, 0.0271767, 0.0216507, 0.0247306, 0.0276528, 0.0274014, 0.0268145, 0.0216215, 0.0201238, 0.0254931, 0.0215431, 0.0286129, 0.0240057, 0.0306993, 0.0238906, 0.0236695, 0.0268339, 0.0287713, 0.0207317, 0.0240661, 0.0270241, 0.0283919, 0.0533947, 0.0506629, 0.0589267
, 1, 0, 0, 0, 0.00492957, 0.00148757, 0, 0, 0, 0.00122254, 0, 0.0115189, 0.00313175, 0, 0.00291686, 0.00193852, 0.00167395, 0.0102176, 0.0107392, 0.00215553, 0, 0, 0, 0.00135675, 0, 0, 0.0017952, 0, 0.00679773, 0.00960635, 0.0128519, 0.0107615, 0.00957489, 0.00978082, 0.00619797, 0, 0.00938443, 0.00114709, 0.00929929, 0.0101807, 0.00249533, 0.00635513, 0.00526633, 0.00151318, 0.00951111, 0.00599548, 0, 0, 0
, , 0, 0, 0, 0.0492957, 0.0137365, 0, 0, 0, 0.0122254, 0, 0.100907, 0.0313175, 0, 0.0291685, 0.0193852, 0.015705, 0.100002, 0.100198, 0.0199888, 0, 0, 0, 0.0135675, 0, 0, 0.017952, 0, 0.0679773, 0.0960635, 0.101729, 0.0979612, 0.0957489, 0.0978082, 0.0619797, 0, 0.0938443, 0.0114709, 0.0661579, 0.0961137, 0.0232432, 0.0635513, 0.0526633, 0.0151318, 0.0951111, 0.0599548, 0, 0, 0
, 2, 0.0905972, 0.105535, 0.101714, 0.0790221, 0.0785892, 0.0760982, 0.0710673, 0.0727474, 0.0711736, 0.0557679, 0.0616754, 0.0745283, 0.0697667, 0.0733355, 0.0715784, 0.0753098, 0.0666117, 0.0706086, 0.0708886, 0.0876243, 0.0579252, 0.0654901, 0.0802626, 0.0685825, 0.0641649, 0.0763942, 0.0726898, 0.084562, 0.0662131, 0.081572, 0.0643344, 0.078118, 0.0851496, 0.0621072, 0.0797417, 0.0693522, 0.0660228, 0.0744109, 0.0758152, 0.0748236, 0.0760011, 0.0746864, 0.0702521, 0.0792614, 0.061657, 0.323852, 0.376133, 0.382585
, , 0.0879947, 0.0995023, 0.102293, 0.0910065, 0.0794054, 0.0908382, 0.0776166, 0.086087, 0.0831253, 0.0667397, 0.0753891, 0.0843629, 0.0773971, 0.0895814, 0.0803752, 0.0855176, 0.0845735, 0.0766359, 0.0812789, 0.100938, 0.0733339, 0.0776768, 0.0862217, 0.0795449, 0.0807914, 0.08159, 0.0878675, 0.0878695, 0.0848073, 0.0906058, 0.0768448, 0.096855, 0.0940886, 0.0861986, 0.0904398, 0.0909494, 0.089708, 0.0894437, 0.0965087, 0.0883568, 0.0944676, 0.0850687, 0.0866266, 0.0852644, 0.0750081, 0.146334, 0.135592, 0.160335
, 3, 0, 0, 0, 0.00401113, 0.00234266, 0.00353498, 0.00357209, 0.0100296, 0.0014102, 0.00243443, 0.00397013, 0.00544013, 0.00735506, 0.00369989, 0.00186198, 0.000363617, 0.00252504, 0.00697208, 0.0083967, 0.00740112, 0.00826975, 0.00706785, 0.00862436, 0.0072955, 0.00600458, 0.00329945, 0.00499582, 0.00699884, 0.00586587, 0.00710303, 0.00610001, 0.00534372, 0.000296173, 0.00162396, 0.00216574, 0.00531189, 0.0012099, 0.000942718, 0.00163419, 0.00321463, 0.00336877, 0.00365692, 0.00689404, 0.0100234, 0.00310788, 0.0160276, 0.0135264, 0.0105746
, , 0, 0, 0, 0.0232975, 0.0157834, 0.0168835, 0.0224291, 0.0370292, 0.0111979, 0.0192315, 0.0244793, 0.0247415, 0.0324108, 0.0242816, 0.0147967, 0.00363617, 0.0177646, 0.0339053, 0.0430668, 0.0367448, 0.0372911, 0.0369529, 0.0377756, 0.0366267, 0.0286223, 0.0225061, 0.0272815, 0.0327835, 0.0349156, 0.0360843, 0.0331179, 0.0310693, 0.00296173, 0.0117103, 0.0162304, 0.0327369, 0.012099, 0.00942719, 0.0163419, 0.0216154, 0.0223631, 0.0265578, 0.0392758, 0.0446394, 0.0224124, 0.0473416, 0.0418689, 0.0364154
, 4, 0, 0, 0, 0.0157223, 0.017327, 0.0145851, 0.0151103, 0.014334, 0.0157615, 0.0173094, 0.0149352, 0.0222821, 0.0151324, 0.0154207, 0.0168843, 0.0198101, 0.0191244, 0.0194701, 0.0156889, 0.0217063, 0.0166058, 0.0176296, 0.0178598, 0.0192598, 0.0198878, 0.0196975, 0.0187629, 0.0188314, 0.0175469, 0.0188629, 0.0183346, 0.0161527, 0.0206492, 0.0140313, 0.0151805, 0.0189522, 0.0192655, 0.0175442, 0.0153579, 0.0175974, 0.0142257, 0.0204926, 0.0219424, 0.0191434, 0.0164297, 0.000186646, 0, 0
, , 0, 0, 0, 0.0217732, 0.0224646, 0.0198962, 0.0255398, 0.0211368, 0.0222864, 0.0259013, 0.0213014, 0.0268274, 0.02475, 0.0222548, 0.0210414, 0.0228156, 0.0248528, 0.0242483, 0.0245563, 0.0273293, 0.0237165, 0.0221003, 0.0239989, 0.026705, 0.0259788, 0.027362, 0.0227258, 0.027759, 0.0202207, 0.0246599, 0.0268837, 0.0208425, 0.0283072, 0.0241891, 0.0237308, 0.0247118, 0.0243352, 0.0231664, 0.0244143, 0.0289499, 0.0219725, 0.0281532, 0.0285203, 0.0270421, 0.0213444, 0.0013206, 0, 0
, 5, 0.0240323, 0.0312093, 0.0310603, 0.145964, 0.148002, 0.16199, 0.158821, 0.159585, 0.14124, 0.150006, 0.151484, 0.15487, 0.146812, 0.147999, 0.130487, 0.163412, 0.127428, 0.151361, 0.176406, 0.143397, 0.168224, 0.160463, 0.133651, 0.136957, 0.180756, 0.152822, 0.124906, 0.136214, 0.129923, 0.132785, 0.153872, 0.158956, 0.150515, 0.161925, 0.154447, 0.16073, 0.165139, 0.180749, 0.17943, 0.151801, 0.149699, 0.158988, 0.16744, 0.143001, 0.173505, 0.0332332, 0.0212226, 0.0172028
, , 0.0503991, 0.0713715, 0.0628942, 0.132858, 0.114737, 0.127733, 0.122384, 0.128302, 0.132431, 0.121803, 0.135258, 0.123474, 0.119406, 0.10989, 0.13639, 0.135267, 0.111953, 0.121235, 0.126051, 0.115846, 0.123704, 0.121424, 0.121975, 0.116791, 0.137248, 0.121301, 0.118697, 0.126711, 0.109958, 0.120891, 0.129113, 0.122154, 0.124732, 0.128412, 0.123516, 0.124738, 0.134696, 0.136782, 0.124014, 0.126502, 0.126364, 0.128095, 0.147066, 0.125046, 0.128737, 0.0593525, 0.0485052, 0.0441166
, 6, 0.0269367, 0.0270548, 0.0266418, 0.0296417, 0.0255488, 0.0303124, 0.0260655, 0.0287814, 0.0308688, 0.0261413, 0.0320488, 0.028866, 0.0321788, 0.028426, 0.0296648, 0.0264813, 0.0251837, 0.0288019, 0.0316458, 0.0314538, 0.0313962, 0.0294946, 0.0294536, 0.0317142, 0.0293071, 0.029693, 0.0349421, 0.029741, 0.034876, 0.0288707, 0.0294958, 0.0229536, 0.0317195, 0.0295487, 0.0279232, 0.02841, 0.0293902, 0.0298574, 0.0229052, 0.0286531, 0.033478, 0.0294016, 0.0314476, 0.0277578, 0.0343206, 0.0220916, 0.0151926, 0.0183542
, , 0.0268947, 0.0288061, 0.0313724, 0.0254825, 0.0260556, 0.0306398, 0.0244662, 0.0254921, 0.0289104, 0.0241686, 0.0334937, 0.027616, 0.0276093, 0.0246374, 0.0297375, 0.0265878, 0.0231995, 0.0274838, 0.0281879, 0.0274525, 0.0282118, 0.0337445, 0.0293428, 0.0292879, 0.0283489, 0.0282083, 0.0335488, 0.030035, 0.0293879, 0.0247006, 0.030069, 0.0240909, 0.0310408, 0.0268667, 0.0229737, 0.0329041, 0.0293852, 0.0257247, 0.0228216, 0.0292979, 0.0304416, 0.031915, 0.0279017, 0.0262723, 0.032888, 0.0260476, 0.0159435, 0.0215736
, 7, 0.0179675, 0.0149937, 0.0134026, 0.0487556, 0.0499473, 0.0464331, 0.0550686, 0.0461837, 0.056348, 0.0542347, 0.0461148, 0.0507731, 0.0482217, 0.0488244, 0.0574204, 0.0502864, 0.0539081, 0.04907, 0.044982, 0.049875, 0.0481706, 0.0531671, 0.0532033, 0.047333, 0.0525195, 0.0496052, 0.0603538, 0.0514625, 0.0456556, 0.0494299, 0.043509, 0.0501624, 0.0541519, 0.0497472, 0.0468191, 0.0455419, 0.0460574, 0.0518941, 0.0482487, 0.05428, 0.0510599, 0.0559727, 0.0480482, 0.049453, 0.0495671, 0.0865376, 0.0983506, 0.0855629
, , 0.0220755, 0.0235583, 0.0184643, 0.0422713, 0.0344509, 0.0345613, 0.0389371, 0.0402767, 0.0461057, 0.0370878, 0.0404973, 0.0369127, 0.0358858, 0.0427985, 0.0404397, 0.0395642, 0.0378164, 0.0417009, 0.0357547, 0.0471472, 0.0366719, 0.0405749, 0.0382847, 0.0413819, 0.0397189, 0.035861, 0.0497558, 0.0416007, 0.0377325, 0.0369631, 0.0434465, 0.0422955, 0.0491753, 0.0404743, 0.0363722, 0.0389462, 0.0367369, 0.0430971, 0.0407993, 0.0470574, 0.0438069, 0.0442629, 0.0381781, 0.0422433, 0.0388, 0.0492539, 0.0518277, 0.0499353
, 8, 0.0175641, 0.00885801, 0.0144963, 0.0734306, 0.0841102, 0.0731476, 0.0665584, 0.0738188, 0.0611454, 0.0793176, 0.0750814, 0.0773926, 0.0808795, 0.070986, 0.0766279, 0.0770842, 0.0702443, 0.0678151, 0.0723746, 0.0779184, 0.0864837, 0.0806012, 0.0851563, 0.0756266, 0.0785914, 0.0677818, 0.0873, 0.0778696, 0.0813033, 0.0795787, 0.0810686, 0.0902141, 0.0923338, 0.0742138, 0.0777081, 0.0862019, 0.0697154, 0.0732816, 0.0770193, 0.0722389, 0.082013, 0.0838876, 0.0834752, 0.0741442, 0.0734791, 0.0439475, 0.0377386, 0.0347461
, , 0.0324729, 0.0201108, 0.0313126, 0.0658332, 0.0635018, 0.0615912, 0.065237, 0.0639705, 0.0585234, 0.0743952, 0.0606605, 0.0623376, 0.0635442, 0.0614428, 0.0607839, 0.0618203, 0.0522424, 0.0638764, 0.0618589, 0.0649762, 0.0676885, 0.0667302, 0.0692879, 0.0616717, 0.0713046, 0.0601452, 0.0782171, 0.0632177, 0.071412, 0.069841, 0.0680059, 0.0696638, 0.0723216, 0.0664358, 0.0562323, 0.0797789, 0.0624138, 0.055505, 0.0658201, 0.061636, 0.0630038, 0.0675156, 0.0717446, 0.0626671, 0.0730494, 0.042923, 0.0450101, 0.0509868
,Sum, 0.295275, 0.314605, 0.320237, 0.424479, 0.433095, 0.429374, 0.416822, 0.42665, 0.403861, 0.406319, 0.417529, 0.437222, 0.42146, 0.413208, 0.410712, 0.4411, 0.394854, 0.42541, 0.446444, 0.443343, 0.439408, 0.438167, 0.430579, 0.404339, 0.453306, 0.423695, 0.426953, 0.436393, 0.417529, 0.435947, 0.426849, 0.451072, 0.466131, 0.421433, 0.42731, 0.444448, 0.426266, 0.459437, 0.455524, 0.430967, 0.442133, 0.451693, 0.450592, 0.435784, 0.44385, 0.630094, 0.664718, 0.656602
, , 0.104452, 0.121469, 0.136553, 0.114273, 0.12361, 0.134901, 0.109334, 0.124526, 0.120565, 0.125744, 0.146229, 0.118191, 0.13627, 0.12398, 0.127062, 0.123761, 0.143917, 0.133896, 0.117084, 0.117894, 0.113922, 0.116645, 0.117443, 0.123728, 0.122193, 0.123317, 0.124841, 0.129458, 0.14716, 0.150556, 0.143622, 0.130284, 0.134518, 0.130986, 0.131008, 0.144882, 0.125277, 0.133199, 0.133769, 0.1419, 0.134333, 0.122058, 0.133654, 0.151303, 0.115595, 0.129722, 0.126456, 0.135395
Service Time, 0, 1.18177, 1.26955, 1.32923, 0.230013, 0.257402, 0.232731, 0.205583, 0.211695, 0.246908, 0.211079, 0.207009, 0.199377, 0.211139, 0.215998, 0.242488, 0.266785, 0.196117, 0.205724, 0.239057, 0.239667, 0.223322, 0.242528, 0.210112, 0.175701, 0.220742, 0.22606, 0.230026, 0.239155, 0.265394, 0.248922, 0.193729, 0.19597, 0.215345, 0.220382, 0.233254, 0.205629, 0.283185, 0.214576, 0.249333, 0.25863, 0.259318, 0.193413, 0.195792, 0.234893, 0.257874, 1.04218, 1.02553, 1.07576
, , 0.503713, 0.561524, 0.68358, 0.232408, 0.302254, 0.238205, 0.247901, 0.241889, 0.256852, 0.253157, 0.219037, 0.205946, 0.218248, 0.222347, 0.272359, 0.3055, 0.224419, 0.234819, 0.241241, 0.27335, 0.251781, 0.239049, 0.226605, 0.192412, 0.271767, 0.216507, 0.247306, 0.276528, 0.274014, 0.268145, 0.216215, 0.201238, 0.254931, 0.215431, 0.286129, 0.240057, 0.306993, 0.238906, 0.236695, 0.268339, 0.287713, 0.207317, 0.240661, 0.270241, 0.283919, 0.533947, 0.506629, 0.589267
, 1, 0, 0, 0, 0.0492957, 0.0148757, 0, 0, 0, 0.0122254, 0, 0.115189, 0.0313175, 0, 0.0291686, 0.0193852, 0.0167395, 0.102176, 0.107392, 0.0215553, 0, 0, 0, 0.0135675, 0, 0, 0.017952, 0, 0.0679773, 0.0960635, 0.128519, 0.107615, 0.0957489, 0.0978082, 0.0619797, 0, 0.0938443, 0.0114709, 0.0929928, 0.101807, 0.0249533, 0.0635513, 0.0526633, 0.0151318, 0.0951111, 0.0599548, 0, 0, 0
, , 0, 0, 0, 0.492957, 0.137365, 0, 0, 0, 0.122254, 0, 1.00907, 0.313175, 0, 0.291685, 0.193852, 0.15705, 1.00002, 1.00198, 0.199888, 0, 0, 0, 0.135675, 0, 0, 0.17952, 0, 0.679773, 0.960635, 1.01729, 0.979612, 0.957489, 0.978082, 0.619797, 0, 0.938443, 0.114709, 0.661579, 0.961138, 0.232432, 0.635513, 0.526633, 0.151318, 0.951111, 0.599548, 0, 0, 0
, 2, 0.905973, 1.05535, 1.01714, 0.790221, 0.785892, 0.760982, 0.710673, 0.727474, 0.711735, 0.557679, 0.616754, 0.745283, 0.697667, 0.733355, 0.715784, 0.753098, 0.666117, 0.706086, 0.708886, 0.876243, 0.579252, 0.654901, 0.802626, 0.685825, 0.641649, 0.763942, 0.726898, 0.84562, 0.662131, 0.81572, 0.643345, 0.78118, 0.851496, 0.621072, 0.797417, 0.693522, 0.660228, 0.744109, 0.758152, 0.748236, 0.760011, 0.746864, 0.702521, 0.792614, 0.61657, 3.23852, 3.76133, 3.82586
, , 0.879947, 0.995023, 1.02293, 0.910066, 0.794054, 0.908382, 0.776166, 0.86087, 0.831253, 0.667397, 0.753891, 0.843629, 0.773971, 0.895814, 0.803752, 0.855176, 0.845735, 0.766359, 0.812789, 1.00938, 0.733339, 0.776768, 0.862217, 0.795449, 0.807914, 0.8159, 0.878675, 0.878694, 0.848073, 0.906058, 0.768448, 0.96855, 0.940886, 0.861986, 0.904398, 0.909494, 0.89708, 0.894437, 0.965087, 0.883568, 0.944676, 0.850687, 0.866266, 0.852644, 0.750081, 1.46334, 1.35592, 1.60335
, 3, 0, 0, 0, 0.0401114, 0.0234266, 0.0353498, 0.0357209, 0.100296, 0.014102, 0.0243443, 0.0397013, 0.0544013, 0.0735506, 0.0369989, 0.0186198, 0.00363617, 0.0252504, 0.0697208, 0.083967, 0.0740112, 0.0826975, 0.0706785, 0.0862436, 0.072955, 0.0600458, 0.0329945, 0.0499582, 0.0699884, 0.0586588, 0.0710303, 0.061, 0.0534372, 0.00296173, 0.0162396, 0.0216574, 0.0531189, 0.012099, 0.00942719, 0.0163419, 0.0321463, 0.0336878, 0.0365692, 0.0689404, 0.100234, 0.0310788, 0.160276, 0.135264, 0.105746
, , 0, 0, 0, 0.232975, 0.157834, 0.168835, 0.224291, 0.370292, 0.111979, 0.192315, 0.244793, 0.247415, 0.324108, 0.242816, 0.147968, 0.0363617, 0.177646, 0.339053, 0.430668, 0.367448, 0.372911, 0.369529, 0.377756, 0.366267, 0.286223, 0.225061, 0.272815, 0.327835, 0.349156, 0.360843, 0.331179, 0.310693, 0.0296173, 0.117103, 0.162304, 0.327369, 0.12099, 0.0942719, 0.163419, 0.216154, 0.223631, 0.265578, 0.392758, 0.446394, 0.224124, 0.473417, 0.418689, 0.364154
, 4, 0, 0, 0, 0.157223, 0.17327, 0.145851, 0.151103, 0.14334, 0.157615, 0.173094, 0.149352, 0.222821, 0.151324, 0.154207, 0.168844, 0.198101, 0.191244, 0.194701, 0.156889, 0.217063, 0.166058, 0.176296, 0.178598, 0.192598, 0.198878, 0.196974, 0.187629, 0.188314, 0.175469, 0.188629, 0.183346, 0.161527, 0.206492, 0.140313, 0.151805, 0.189522, 0.192655, 0.175442, 0.153579, 0.175974, 0.142257, 0.204926, 0.219424, 0.191434, 0.164297, 0.00186645, 0, 0
, , 0, 0, 0, 0.217733, 0.224646, 0.198962, 0.255398, 0.211368, 0.222864, 0.259013, 0.213014, 0.268274, 0.2475, 0.222548, 0.210414, 0.228156, 0.248528, 0.242483, 0.245563, 0.273293, 0.237165, 0.221003, 0.239989, 0.26705, 0.259788, 0.27362, 0.227258, 0.27759, 0.202207, 0.246599, 0.268837, 0.208425, 0.283072, 0.241891, 0.237308, 0.247118, 0.243352, 0.231664, 0.244143, 0.289499, 0.219725, 0.281532, 0.285203, 0.270421, 0.213444, 0.013206, 0, 0
, 5, 0.240323, 0.312093, 0.310603, 1.45964, 1.48002, 1.6199, 1.58821, 1.59585, 1.4124, 1.50006, 1.51484, 1.5487, 1.46812, 1.47999, 1.30487, 1.63412, 1.27428, 1.51361, 1.76406, 1.43398, 1.68224, 1.60463, 1.33651, 1.36957, 1.80756, 1.52822, 1.24906, 1.36214, 1.29923, 1.32785, 1.53872, 1.58956, 1.50515, 1.61925, 1.54447, 1.6073, 1.65139, 1.80749, 1.7943, 1.51801, 1.49699, 1.58988, 1.6744, 1.43001, 1.73505, 0.332332, 0.212226, 0.172028
, , 0.503991, 0.713714, 0.628942, 1.32858, 1.14737, 1.27733, 1.22384, 1.28302, 1.32431, 1.21803, 1.35258, 1.23474, 1.19406, 1.0989, 1.3639, 1.35267, 1.11953, 1.21235, 1.26051, 1.15846, 1.23704, 1.21424, 1.21975, 1.16791, 1.37248, 1.21301, 1.18697, 1.26711, 1.09958, 1.20891, 1.29113, 1.22154, 1.24732, 1.28412, 1.23516, 1.24738, 1.34696, 1.36782, 1.24014, 1.26502, 1.26364, 1.28095, 1.47066, 1.25046, 1.28737, 0.593525, 0.485052, 0.441167
, 6, 0.269367, 0.270548, 0.266418, 0.296417, 0.255488, 0.303124, 0.260655, 0.287814, 0.308688, 0.261413, 0.320488, 0.28866, 0.321788, 0.28426, 0.296648, 0.264813, 0.251838, 0.288019, 0.316458, 0.314538, 0.313962, 0.294946, 0.294537, 0.317142, 0.293071, 0.29693, 0.349421, 0.29741, 0.34876, 0.288707, 0.294958, 0.229536, 0.317195, 0.295487, 0.279232, 0.2841, 0.293902, 0.298574, 0.229052, 0.286531, 0.33478, 0.294016, 0.314476, 0.277578, 0.343206, 0.220916, 0.151926, 0.183542
, , 0.268947, 0.288061, 0.313724, 0.254825, 0.260556, 0.306398, 0.244662, 0.254921, 0.289104, 0.241686, 0.334937, 0.27616, 0.276093, 0.246374, 0.297375, 0.265878, 0.231995, 0.274838, 0.281879, 0.274525, 0.282118, 0.337445, 0.293428, 0.292879, 0.283489, 0.282083, 0.335488, 0.30035, 0.293879, 0.247006, 0.30069, 0.240909, 0.310408, 0.268667, 0.229737, 0.329041, 0.293852, 0.257247, 0.228216, 0.292979, 0.304416, 0.31915, 0.279017, 0.262723, 0.32888, 0.260476, 0.159435, 0.215736
, 7, 0.179675, 0.149937, 0.134026, 0.487555, 0.499473, 0.464331, 0.550686, 0.461837, 0.56348, 0.542347, 0.461148, 0.50773, 0.482217, 0.488244, 0.574204, 0.502864, 0.539081, 0.4907, 0.449821, 0.49875, 0.481706, 0.531671, 0.532033, 0.47333, 0.525195, 0.496052, 0.603538, 0.514625, 0.456556, 0.494299, 0.43509, 0.501624, 0.541519, 0.497472, 0.468191, 0.455419, 0.460574, 0.518941, 0.482487, 0.5428, 0.510598, 0.559727, 0.480482, 0.49453, 0.495671, 0.865376, 0.983505, 0.855629
, , 0.220755, 0.235583, 0.184643, 0.422713, 0.344509, 0.345613, 0.389371, 0.402767, 0.461057, 0.370878, 0.404973, 0.369127, 0.358858, 0.427985, 0.404397, 0.395642, 0.378164, 0.417009, 0.357547, 0.471472, 0.366719, 0.405749, 0.382847, 0.413819, 0.397189, 0.35861, 0.497558, 0.416007, 0.377325, 0.369631, 0.434465, 0.422956, 0.491753, 0.404743, 0.363722, 0.389462, 0.367369, 0.430971, 0.407993, 0.470574, 0.438069, 0.442629, 0.381781, 0.422433, 0.388, 0.492539, 0.518277, 0.499353
, 8, 0.17564, 0.0885801, 0.144963, 0.734306, 0.841102, 0.731476, 0.665585, 0.738188, 0.611453, 0.793176, 0.750814, 0.773926, 0.808795, 0.709861, 0.766279, 0.770842, 0.702442, 0.678151, 0.723746, 0.779184, 0.864837, 0.806012, 0.851563, 0.756265, 0.785914, 0.677818, 0.873, 0.778696, 0.813033, 0.795787, 0.810686, 0.902141, 0.923338, 0.742138, 0.777081, 0.862019, 0.697154, 0.732816, 0.770194, 0.722389, 0.82013, 0.838876, 0.834752, 0.741442, 0.734791, 0.439475, 0.377386, 0.347461
, , 0.324729, 0.201108, 0.313126, 0.658332, 0.635018, 0.615912, 0.65237, 0.639705, 0.585234, 0.743952, 0.606605, 0.623376, 0.635441, 0.614428, 0.607839, 0.618203, 0.522424, 0.638764, 0.618589, 0.649762, 0.676885, 0.667302, 0.692879, 0.616717, 0.713046, 0.601452, 0.782171, 0.632177, 0.71412, 0.698409, 0.680059, 0.696638, 0.723216, 0.664358, 0.562322, 0.797789, 0.624138, 0.55505, 0.658201, 0.61636, 0.630038, 0.675156, 0.717446, 0.626671, 0.730494, 0.42923, 0.450101, 0.509868
,Sum, 2.95275, 3.14605, 3.20237, 4.24478, 4.33095, 4.29374, 4.16822, 4.2665, 4.03861, 4.06319, 4.17529, 4.37222, 4.2146, 4.13208, 4.10713, 4.411, 3.94854, 4.2541, 4.46444, 4.43343, 4.39408, 4.38166, 4.30579, 4.04339, 4.53306, 4.23695, 4.26953, 4.36393, 4.17529, 4.35947, 4.26849, 4.51072, 4.66131, 4.21433, 4.27311, 4.44448, 4.26266, 4.59437, 4.55524, 4.30968, 4.42133, 4.51693, 4.50592, 4.35784, 4.4385, 6.30094, 6.64717, 6.56602
, , 1.04452, 1.21469, 1.36553, 1.14273, 1.2361, 1.34901, 1.09334, 1.24525, 1.20565, 1.25744, 1.46229, 1.18191, 1.3627, 1.2398, 1.27062, 1.23761, 1.43917, 1.33896, 1.17084, 1.17894, 1.13921, 1.16645, 1.17443, 1.23728, 1.22193, 1.23317, 1.24841, 1.29458, 1.4716, 1.50556, 1.43622, 1.30284, 1.34518, 1.30986, 1.31008, 1.44882, 1.25277, 1.33199, 1.33769, 1.419, 1.34333, 1.22058, 1.33654, 1.51303, 1.15595, 1.29722, 1.26456, 1.35395
Wait Time, 0, 0.0668393, 0.113822, 0.122525, 0.179434, 0.45125, 0.281481, 0.34435, 0.267493, 0.339991, 0.317039, 0.312484, 0.539027, 0.241857, 0.331237, 0.267241, 0.330531, 0.266422, 0.186887, 0.637788, 0.306523, 0.323455, 0.429407, 0.251654, 0.323096, 0.440119, 0.323333, 0.287075, 0.311294, 0.277223, 0.309406, 0.31598, 0.313888, 0.311726, 2.99098, 0.30225, 0.423803, 0.266445, 0.252214, 0.285425, 0.893179, 0.353731, 0.342402, 0.325011, 0.238236, 0.88907, 0.062583, 0.0640051, 0.0792404
, , 0.116326, 0.155483, 0.20923, 0.410512, 1.12353, 0.584081, 0.668811, 0.518975, 0.714356, 0.614509, 0.522025, 1.78391, 0.499076, 0.583356, 0.552588, 0.718569, 0.504306, 0.375525, 3.22064, 0.527963, 0.527335, 0.91576, 0.557266, 0.621033, 1.00473, 0.562708, 0.622918, 0.678976, 0.515771, 0.685527, 0.516463, 0.741416, 0.613293, 25.7191, 0.567454, 0.830498, 0.576118, 0.505828, 0.604036, 5.39838, 0.660714, 0.713736, 0.695861, 0.484969, 5.99177, 0.149789, 0.106728, 0.128617
, 1, 0, 0, 0, 0, 0, 0, 0, 0, 0, 0, 0, 0, 0, 0, 0.00368088, 0, 0, 0, 0, 0, 0, 0, 0.00517639, 0, 0, 0, 0, 0.00141052, 0.00393646, 0, 0.00245605, 0.0042511, 0.00219177, 0.000792847, 0, 0, 0, 0.00771423, 0.0040033, 0.0090625, 0.00127533, 0, 0, 0.00488892, 0.0018808, 0, 0, 0
, , 0, 0, 0, 0, 0, 0, 0, 0, 0, 0, 0, 0, 0, 0, 0.0368088, 0, 0, 0, 0, 0, 0, 0, 0.0517639, 0, 0, 0, 0, 0.0141052, 0.0393646, 0, 0.0245605, 0.042511, 0.0219177, 0.00792847, 0, 0, 0, 0.0771423, 0.040033, 0.090625, 0.0127533, 0, 0, 0.0488892, 0.018808, 0, 0, 0
, 2, 0.158978, 0.230151, 0.382027, 0.284635, 0.336263, 0.28007, 0.382839, 0.381095, 0.34371, 0.272544, 0.268903, 0.275591, 0.259388, 0.26059, 0.258506, 0.372195, 0.376627, 0.282503, 0.560112, 0.390632, 0.303412, 0.383263, 0.383945, 0.244366, 0.356502, 0.36701, 0.353867, 0.523268, 0.312392, 0.37721, 0.234744, 0.29784, 0.372118, 0.949556, 0.365147, 0.18378, 0.520038, 0.363867, 0.423981, 0.36876, 0.394109, 0.359019, 0.416214, 0.370986, 0.495729, 2.2535, 3.10182, 2.65273
, , 0.284921, 0.317994, 0.648777, 0.516351, 0.602028, 0.661131, 0.619442, 0.752786, 0.610987, 0.516135, 0.509503, 0.504669, 0.487369, 0.478823, 0.435135, 0.671172, 0.821666, 0.534998, 3.13017, 0.691036, 0.542784, 0.708129, 0.717538, 0.471727, 0.635198, 0.614491, 0.63844, 0.795525, 0.667387, 0.611255, 0.511035, 0.474959, 0.603342, 7.44704, 0.524878, 0.418131, 2.157, 0.570699, 0.733632, 0.668801, 0.631725, 0.481337, 0.771781, 0.676118, 2.08453, 1.97424, 2.38137, 1.86916
, 3, 0, 0, 0, 0, 0, 0.0073265, 0, 0.00455856, 0.00504341, 0, 0, 0.00201599, 0.013838, 0, 0, 0, 0, 0.000849915, 0.0303801, 0.0148117, 0.0120543, 0.00179398, 0.00267548, 0.00483856, 0.00945526, 0, 0, 0, 0.00642303, 0.00292511, 0, 0, 0, 0, 0, 0.00993958, 0, 0, 0, 0.00259155, 0, 0.015491, 0.0167691, 0.0021106, 0.00292847, 0.181771, 0.383177, 0.259787
, , 0, 0, 0, 0, 0, 0.0732651, 0, 0.0455856, 0.0504341, 0, 0, 0.0201599, 0.13838, 0, 0, 0, 0, 0.00849915, 0.16331, 0.125597, 0.0658635, 0.0179398, 0.0267548, 0.0353876, 0.071085, 0, 0, 0, 0.0395434, 0.0292511, 0, 0, 0, 0, 0, 0.0829907, 0, 0, 0, 0.0259155, 0, 0.15491, 0.167691, 0.021106, 0.0292847, 0.706342, 1.01891, 0.929272
, 4, 0, 0, 0, 0, 0.00225262, 0.00814636, 0.00409347, 0.0017128, 0.00434296, 0.00291321, 0.00221153, 0.000995713, 0.000961227, 0.00551239, 0.0033464, 0.00675903, 0.00503326, 0.00950745, 0.00216568, 0.00323425, 0.00578186, 0.00463913, 0.00177399, 0.00318207, 0.000716858, 0.002202, 0.00160278, 0.0029541, 0.00109619, 0.00538055, 0.00225555, 0, 0.00633209, 0.00857178, 0.0123965, 0.00468689, 0.00393433, 0.00192383, 0.0027066, 0.00335846, 0.00324921, 0.00907043, 0.0074115, 0.00228699, 0.00272278, 0, 0, 0
, , 0, 0, 0, 0, 0.0183139, 0.0493403, 0.0271489, 0.0151566, 0.0221641, 0.02213, 0.0159955, 0.00995712, 0.00735091, 0.0277555, 0.033464, 0.0322865, 0.0299718, 0.0536149, 0.0127863, 0.0195797, 0.029612, 0.0282357, 0.0137464, 0.0190548, 0.00716858, 0.0151759, 0.0105794, 0.0257296, 0.00945727, 0.03432, 0.0183616, 0, 0.0378573, 0.0490163, 0.0785585, 0.0307675, 0.0265567, 0.0173837, 0.0197523, 0.0248931, 0.0230134, 0.0585742, 0.0411279, 0.0153382, 0.0178852, 0, 0, 0
, 5, 0.0236908, 0.0592714, 0.11553, 0.044046, 0.0421084, 0.0218406, 0.0361964, 0.0263189, 0.0394776, 0.0254462, 0.0391357, 0.0277071, 0.0484805, 0.0484315, 0.0321301, 0.0534131, 0.0152329, 0.0210582, 0.0303163, 0.0250587, 0.0505344, 0.0455075, 0.0118607, 0.0170518, 0.0459645, 0.0407935, 0.0309726, 0.0126834, 0.0167551, 0.0188721, 0.0587576, 0.0305301, 0.0405432, 0.0295493, 0.0294766, 0.054325, 0.0349234, 0.0419641, 0.0391498, 0.0328601, 0.0361688, 0.0382385, 0.0438474, 0.027796, 0.0395749, 0.137436, 0.31344, 0.240056
, , 0.0635237, 0.212224, 0.359755, 0.166223, 0.139453, 0.0855787, 0.140502, 0.130423, 0.141666, 0.103309, 0.102436, 0.0957872, 0.155014, 0.155314, 0.0992349, 0.197106, 0.0795134, 0.0801793, 0.114606, 0.102649, 0.185828, 0.150431, 0.0659749, 0.0731931, 0.214674, 0.172189, 0.101531, 0.0660727, 0.0714914, 0.107344, 0.181173, 0.143381, 0.123519, 0.116122, 0.0988754, 0.159413, 0.149791, 0.144405, 0.124202, 0.129639, 0.144333, 0.111442, 0.158643, 0.0972406, 0.173794, 0.504817, 0.826918, 0.899033
, 6, 0.0550029, 0.0716895, 0.0450385, 0.0157368, 0.0310555, 0.0226035, 0.00155491, 0.0288021, 0.0272934, 0.0270487, 0.0127295, 0.0195934, 0.0243335, 0.0104776, 0.0264575, 0.0216963, 0.0171663, 0.020952, 0.0397623, 0.0367561, 0.0187184, 0.025349, 0.0210559, 0.0466992, 0.0279329, 0.0276889, 0.0115204, 0.024342, 0.0252875, 0.0124039, 0.0208853, 0.0251212, 0.0549377, 0.647762, 0.0182999, 0.0263071, 0.0254877, 0.0604398, 0.00839966, 0.0373392, 0.0323331, 0.018923, 0.0404199, 0.0525928, 0.0547678, 0.121509, 0.192317, 0.335926
, , 0.204318, 0.241593, 0.136673, 0.0598615, 0.14396, 0.106547, 0.0111535, 0.121169, 0.153831, 0.125585, 0.0529054, 0.0903212, 0.098723, 0.0637846, 0.106503, 0.118068, 0.091008, 0.0937599, 0.158529, 0.136273, 0.08885, 0.0943094, 0.104201, 0.157168, 0.157049, 0.114861, 0.0586642, 0.102477, 0.078349, 0.0618869, 0.110657, 0.114598, 0.237981, 6.24786, 0.0751167, 0.109043, 0.18322, 0.216204, 0.0404568, 0.171472, 0.11159, 0.0693441, 0.166379, 0.26201, 0.234119, 0.370772, 0.523971, 1.03545
, 7, 0.1269, 0.180013, 0.188447, 0.562071, 0.62667, 0.668432, 0.651021, 0.776983, 0.512982, 0.589064, 0.597177, 0.898379, 0.671289, 0.587424, 0.63293, 0.612043, 0.472482, 0.536916, 1.72387, 0.639855, 0.61022, 0.706013, 0.587325, 0.476441, 0.709758, 0.784722, 0.69521, 0.682053, 0.682629, 0.630345, 0.755273, 0.760048, 0.789379, 7.28782, 0.543604, 0.803694, 0.952537, 0.780024, 0.759842, 1.13186, 0.662276, 0.840085, 0.823711, 0.809536, 2.09676, 0.392813, 0.220197, 0.238066
, , 0.266711, 0.451112, 0.393969, 0.823285, 0.838159, 0.95977, 0.832316, 1.07829, 0.843471, 0.824905, 0.974402, 3.1828, 1.0806, 0.804403, 0.814569, 0.995275, 0.654762, 0.74086, 8.05747, 1.08126, 0.792749, 0.929323, 0.758028, 0.660351, 0.84982, 1.01692, 0.916683, 0.885947, 0.897819, 1.00838, 0.915397, 0.965681, 0.953708, 65.8439, 0.735326, 0.953685, 3.42253, 0.984192, 0.972766, 2.86622, 1.16175, 1.40447, 1.01891, 1.1221, 12.6543, 0.523081, 0.266075, 0.300534
, 8, 0.0292047, 0.0787892, 0.0352343, 0.00299294, 0.00592762, 0.00920952, 0.00526489, 0.00157349, 0.00580467, 0.00200989, 0.00108864, 0.0106432, 0.0081739, 0.0136354, 0.00982086, 0.0070369, 0.0117192, 0.0125636, 0.00257751, 0.0156097, 0.000133057, 0.00366074, 0.00421036, 0.00331497, 0.0144981, 0.00974396, 0.000972595, 0.0123795, 0.0116113, 0.00908508, 0.00786133, 0.00915161, 0.0124426, 0.00251862, 0.00325592, 0.00582855, 0.0133905, 0.0109293, 0.00405731, 0.0173624, 0.0189774, 0.00409546, 0.0115436, 0.0141492, 0.0127646, 0.396783, 0.479707, 0.535772
, , 0.143215, 0.335473, 0.134832, 0.0194501, 0.028695, 0.0650731, 0.0315587, 0.0157349, 0.0354735, 0.0171904, 0.0108864, 0.0569245, 0.0532043, 0.0713447, 0.062204, 0.041845, 0.0663151, 0.0681747, 0.0257752, 0.0724319, 0.00133057, 0.0258537, 0.022702, 0.0271502, 0.0711317, 0.0685745, 0.00661561, 0.0642101, 0.0610279, 0.0608986, 0.0462332, 0.0527225, 0.0518676, 0.0180825, 0.0236482, 0.0410515, 0.0676572, 0.0505585, 0.0405731, 0.0786456, 0.0850084, 0.0409546, 0.0591766, 0.0641866, 0.0660107, 0.726212, 1.27289, 1.1246
,Sum, 0.460616, 0.733735, 0.888802, 1.08892, 1.49553, 1.29911, 1.42532, 1.48854, 1.27864, 1.23607, 1.23373, 1.77395, 1.26832, 1.25731, 1.23411, 1.40367, 1.16468, 1.07124, 3.02697, 1.43248, 1.32431, 1.59963, 1.26968, 1.11899, 1.60495, 1.55549, 1.38122, 1.57038, 1.33735, 1.36563, 1.39821, 1.44083, 1.58967, 11.9176, 1.27443, 1.51236, 1.81675, 1.51908, 1.52757, 2.49637, 1.50212, 1.62732, 1.68493, 1.52258, 3.5962, 3.54639, 4.75466, 4.34158
, , 0.534668, 0.894529, 1.04148, 1.08571, 1.71879, 1.40579, 1.37256, 1.62676, 1.44954, 1.25445, 1.54841, 4.86818, 1.69412, 1.19883, 1.22742, 1.67516, 1.31917, 1.00674, 14.3137, 1.6849, 1.33905, 1.75568, 1.43261, 1.13636, 1.78537, 1.55429, 1.34972, 1.56692, 1.43444, 1.54139, 1.3789, 1.41258, 1.53643, 105.241, 1.25456, 1.50904, 5.47561, 1.40952, 1.5675, 8.62839, 1.54174, 2.0894, 2.12694, 1.72245, 20.6263, 2.42456, 3.3273, 3.25759
Number In, 0, 9.23, 9.47, 9.6, 1.95, 2.2, 2.11, 2, 2.1, 2.2, 1.76, 2.02, 1.88, 1.97, 2.09, 2.06, 2.04, 1.87, 1.84, 2.19, 2.04, 2.21, 2.23, 2.01, 1.74, 2.23, 1.99, 1.9, 2.09, 2.15, 2.14, 2, 1.75, 2.01, 2.13, 2.13, 1.89, 2.06, 2, 2.21, 2.19, 2.19, 1.88, 1.84, 2.04, 2.12, 6.93, 7.62, 7.43
, , 2.81717, 3.18917, 3.34241, 1.26631, 1.42134, 1.53672, 1.30268, 1.4941, 1.48392, 1.40072, 1.37789, 1.28141, 1.40313, 1.44317, 1.47587, 1.27857, 1.43305, 1.2037, 1.3758, 1.39204, 1.49946, 1.36223, 1.49406, 1.41863, 1.56253, 1.19337, 1.40346, 1.40054, 1.46594, 1.6207, 1.35587, 1.24215, 1.36696, 1.34581, 1.65545, 1.58844, 1.44823, 1.42134, 1.35061, 1.49541, 1.46125, 1.343, 1.43351, 1.51037, 1.40906, 2.67142, 2.56149, 2.77163
, 1, 0, 0, 0, 0.01, 0.01, 0, 0, 0, 0.01, 0, 0.02, 0, 0, 0.01, 0.01, 0.01, 0.01, 0, 0.01, 0, 0, 0, 0.01, 0, 0, 0.01, 0, 0.01, 0, 0.02, 0, 0, 0, 0, 0, 0.01, 0, 0.02, 0.01, 0.01, 0, 0.01, 0.01, 0, 0, 0, 0, 0
, , 0, 0, 0, 0.1, 0.1, 0, 0, 0, 0.1, 0, 0.140705, 0, 0, 0.1, 0.1, 0.1, 0.1, 0, 0.1, 0, 0, 0, 0.1, 0, 0, 0.1, 0, 0.1, 0, 0.140705, 0, 0, 0, 0, 0, 0.1, 0, 0.140705, 0.1, 0.1, 0, 0.1, 0.1, 0, 0, 0, 0, 0
, 2, 1.31, 1.5, 1.5, 1.04, 1.05, 1.03, 1.04, 1.07, 1.05, 0.86, 0.93, 1.06, 1.01, 1.06, 0.88, 1.03, 0.89, 1.04, 1, 1.25, 0.9, 0.89, 1.01, 0.95, 0.83, 1, 1.05, 1.21, 0.92, 1.06, 0.87, 1.04, 1.13, 0.78, 0.94, 0.92, 0.86, 1.1, 1, 0.96, 1.05, 0.99, 1.01, 1.04, 0.93, 5.66, 5.95, 6.07
, , 1.13436, 1.20185, 1.29099, 0.96316, 0.9783, 1.11423, 0.96316, 1.19134, 0.998737, 0.85304, 0.890523, 1.12654, 0.937383, 1.01325, 0.819953, 0.936952, 1.02391, 0.898034, 0.963998, 1.27426, 0.948151, 0.897752, 0.979538, 1.02863, 0.792069, 0.932034, 1.12254, 1.05692, 1.00182, 1.01325, 0.949801, 1.09101, 1.0116, 0.927471, 0.896908, 0.981444, 1.01524, 0.969223, 1.18065, 0.973591, 1.07661, 0.87033, 1.15027, 1.02415, 1.0076, 2.54741, 2.30228, 2.434
, 3, 0, 0, 0, 0.03, 0.03, 0.05, 0.03, 0.07, 0.02, 0.02, 0.02, 0.05, 0.05, 0.03, 0.01, 0, 0.02, 0.05, 0.06, 0.03, 0.06, 0.03, 0.05, 0.04, 0.04, 0.04, 0.03, 0.07, 0.02, 0.04, 0.04, 0.03, 0.01, 0.03, 0.03, 0.06, 0, 0.01, 0.01, 0.03, 0.03, 0.02, 0.05, 0.07, 0.01, 0.18, 0.17, 0.11
, , 0, 0, 0, 0.171447, 0.171447, 0.219043, 0.171447, 0.256432, 0.140705, 0.140705, 0.140705, 0.219043, 0.219043, 0.171447, 0.1, 0, 0.140705, 0.219043, 0.277798, 0.171447, 0.238683, 0.171447, 0.219043, 0.196946, 0.196946, 0.196946, 0.171447, 0.256432, 0.2, 0.196946, 0.196946, 0.171447, 0.1, 0.171447, 0.171447, 0.277798, 0, 0.1, 0.1, 0.171447, 0.171447, 0.140705, 0.261116, 0.256432, 0.1, 0.43531, 0.450701, 0.345096
, 4, 0, 0, 0, 0.66, 0.75, 0.63, 0.56, 0.63, 0.63, 0.64, 0.58, 0.82, 0.58, 0.59, 0.64, 0.74, 0.75, 0.75, 0.65, 0.86, 0.6, 0.75, 0.66, 0.7, 0.77, 0.69, 0.73, 0.67, 0.78, 0.72, 0.69, 0.6, 0.79, 0.55, 0.63, 0.66, 0.7, 0.71, 0.56, 0.65, 0.56, 0.77, 0.84, 0.7, 0.58, 0, 0, 0
, , 0, 0, 0, 0.768312, 0.914253, 0.77401, 0.80804, 0.83672, 0.786952, 0.810537, 0.754515, 0.796203, 0.780831, 0.726066, 0.718022, 0.705247, 0.903137, 0.821123, 0.946818, 0.974628, 0.778499, 0.833333, 0.806789, 0.834847, 0.874498, 0.849183, 0.789515, 0.865209, 0.835815, 0.805035, 0.895499, 0.619547, 0.997927, 0.808728, 0.906263, 0.806789, 0.822659, 0.844411, 0.832666, 0.957427, 0.78264, 0.993464, 0.939804, 0.904534, 0.727247, 0, 0, 0
, 5, 0.25, 0.21, 0.27, 1.21, 1.21, 1.33, 1.26, 1.26, 1.14, 1.18, 1.22, 1.19, 1.17, 1.17, 0.97, 1.23, 1.07, 1.17, 1.34, 1.12, 1.34, 1.21, 1.04, 1.06, 1.43, 1.21, 0.96, 1.03, 1.01, 0.97, 1.2, 1.23, 1.11, 1.24, 1.21, 1.08, 1.19, 1.33, 1.42, 1.1, 1.16, 1.23, 1.09, 1.09, 1.25, 0.21, 0.22, 0.17
, , 0.479372, 0.498381, 0.529055, 0.987753, 0.945964, 1.01559, 0.938729, 1.02119, 0.974628, 0.891939, 0.959588, 0.906709, 0.97499, 0.93263, 0.989388, 0.972916, 0.934793, 0.943398, 0.890125, 0.879394, 0.976698, 0.868006, 0.983911, 0.862461, 1.02745, 0.997927, 0.898034, 0.958271, 0.834787, 0.846323, 0.963998, 0.962478, 0.897752, 1.08358, 0.967085, 0.883976, 1.03177, 1.03529, 0.944736, 0.834847, 1.00222, 0.951925, 0.954468, 0.954468, 0.903137, 0.456048, 0.504124, 0.403395
, 6, 2.12, 1.81, 1.85, 2.34, 2.19, 1.93, 2.11, 2.24, 2.26, 2.27, 2.24, 2.18, 2.44, 2.19, 2.4, 2.23, 1.98, 2.29, 2.2, 2.2, 2.23, 2.09, 2.11, 2.45, 2.13, 2.25, 2.5, 2.03, 2.48, 2.13, 2.07, 1.89, 2.17, 2.31, 2.26, 2.07, 2.21, 2.34, 1.82, 2.16, 2.36, 2.16, 2.19, 2.22, 2.34, 1.47, 1.31, 1.34
, , 1.38009, 1.22841, 1.47966, 1.53228, 1.66785, 1.40888, 1.46263, 1.31133, 1.38258, 1.4274, 1.5382, 1.45213, 1.4861, 1.44036, 1.81464, 1.44848, 1.44236, 1.49271, 1.43548, 1.34089, 1.48973, 1.69429, 1.5035, 1.57874, 1.39736, 1.71961, 1.80067, 1.41032, 1.40331, 1.51528, 1.50591, 1.51687, 1.53119, 1.43333, 1.32284, 1.7993, 1.5459, 1.56489, 1.31333, 1.47518, 1.55388, 1.52898, 1.48184, 1.43956, 1.53228, 1.32158, 1.17804, 1.18253
, 7, 1.24, 1.05, 1.13, 3.89, 4.14, 4.02, 4.2, 4.01, 4.09, 4.08, 3.85, 4.05, 4.2, 3.89, 4.09, 3.72, 4.04, 3.86, 3.9, 3.71, 3.98, 4.48, 3.89, 3.91, 4.33, 4.17, 4.19, 4.07, 3.89, 3.83, 3.6, 3.72, 4.31, 3.96, 3.72, 4.13, 3.78, 3.96, 4.32, 4.2, 3.94, 4.3, 4.27, 4.18, 4.11, 5.78, 5.77, 5.53
, , 1.08358, 0.957427, 0.991428, 2.14097, 1.75246, 1.95391, 1.83127, 2.23152, 2.03055, 1.81842, 2.04186, 1.98161, 2.12251, 2.09326, 1.78713, 1.92317, 1.98947, 2.16967, 2.00252, 1.75404, 2.02998, 2.21327, 1.99441, 2.20236, 2.07951, 2.24308, 1.94206, 1.90828, 2.00452, 1.80378, 1.89097, 2.0552, 1.87323, 1.87982, 2.07963, 2.13511, 1.76143, 1.97929, 2.05913, 2.1835, 2.03415, 2.0226, 1.83047, 2.08593, 1.80848, 2.456, 2.48574, 2.1577
, 8, 0.58, 0.36, 0.46, 2.31, 2.46, 2.35, 2.03, 2.24, 2.07, 2.25, 2.38, 2.25, 2.42, 2.25, 2.38, 2.48, 2.2, 2.11, 2.27, 2.07, 2.45, 2.51, 2.4, 2.3, 2.11, 2.13, 2.36, 2.33, 2.33, 2.36, 2.34, 2.35, 2.26, 2.28, 2.19, 2.22, 2.25, 2.21, 2.25, 2.03, 2.34, 2.45, 2.25, 2.22, 2.13, 1.58, 1.43, 1.26
, , 0.806289, 0.559942, 0.687845, 1.5615, 1.45241, 1.29782, 1.65423, 1.39349, 1.53909, 1.35866, 1.57493, 1.47282, 1.36463, 1.47282, 1.33923, 1.45283, 1.34089, 1.41346, 1.37698, 1.35777, 1.61041, 1.43192, 1.56992, 1.21854, 1.49, 1.39012, 1.38184, 1.54433, 1.60211, 1.50098, 1.37231, 1.47966, 1.25223, 1.38593, 1.45432, 1.42545, 1.49325, 1.3802, 1.39534, 1.28279, 1.45796, 1.55294, 1.59149, 1.54776, 1.57413, 1.07478, 1.13933, 1.22779
,Sum, 14.73, 14.4, 14.81, 13.44, 14.04, 13.45, 13.23, 13.62, 13.47, 13.06, 13.26, 13.48, 13.84, 13.28, 13.44, 13.48, 12.83, 13.11, 13.62, 13.28, 13.77, 14.19, 13.18, 13.15, 13.87, 13.49, 13.72, 13.51, 13.58, 13.27, 12.81, 12.61, 13.79, 13.28, 13.11, 13.04, 13.05, 13.68, 13.6, 13.33, 13.63, 13.81, 13.55, 13.56, 13.47, 21.81, 22.47, 21.91
, , 3.47823, 3.7926, 3.61728, 2.99939, 2.92644, 3.06289, 2.95028, 2.93973, 3.08615, 3.06765, 3.23372, 3.32872, 3.17414, 3.05201, 3.08244, 3.04671, 3.2257, 3.17151, 2.97729, 2.97831, 3.47242, 3.25264, 3.03641, 3.52588, 3.21189, 3.02346, 2.65938, 2.86566, 2.87862, 3.25314, 3.15491, 3.18105, 2.77177, 2.88878, 2.9298, 3.04153, 3.14747, 2.7739, 3.18456, 3.17838, 3.49503, 3.30196, 2.8511, 3.39435, 3.09269, 4.39167, 4.03634, 3.9443
Number Out, 0, 9.19, 9.48, 9.57, 1.57, 1.65, 1.66, 1.61, 1.67, 1.79, 1.3, 1.52, 1.38, 1.7, 1.63, 1.64, 1.68, 1.46, 1.54, 1.72, 1.62, 1.71, 1.77, 1.64, 1.36, 1.67, 1.54, 1.55, 1.65, 1.8, 1.72, 1.55, 1.32, 1.46, 1.58, 1.65, 1.44, 1.7, 1.53, 1.77, 1.72, 1.72, 1.36, 1.42, 1.58, 1.66, 6.89, 7.59, 7.37
, , 2.78776, 3.1446, 3.31588, 1.13933, 1.28216, 1.46487, 1.18828, 1.39302, 1.35061, 1.17637, 1.20168, 1.12618, 1.33712, 1.3, 1.2833, 1.26235, 1.26667, 1.16706, 1.31871, 1.34675, 1.44456, 1.24604, 1.43914, 1.17654, 1.53119, 1.06761, 1.29782, 1.1044, 1.34089, 1.47079, 1.23399, 1.05294, 1.17568, 1.18219, 1.34371, 1.36567, 1.32954, 1.25895, 1.29377, 1.40043, 1.32635, 1.0873, 1.3347, 1.23239, 1.27303, 2.62811, 2.55088, 2.75114
, 1, 0, 0, 0, 0.01, 0.01, 0, 0, 0, 0.01, 0, 0.02, 0, 0, 0.01, 0.01, 0.01, 0.01, 0, 0.01, 0, 0, 0, 0.01, 0, 0, 0.01, 0, 0, 0, 0.02, 0, 0, 0, 0.01, 0, 0.01, 0, 0.01, 0.01, 0.01, 0.01, 0.01, 0, 0, 0.01, 0, 0, 0
, , 0, 0, 0, 0.1, 0.1, 0, 0, 0, 0.1, 0, 0.140705, 0, 0, 0.1, 0.1, 0.1, 0.1, 0, 0.1, 0, 0, 0, 0.1, 0, 0, 0.1, 0, 0, 0, 0.140705, 0, 0, 0, 0.1, 0, 0.1, 0, 0.1, 0.1, 0.1, 0.1, 0.1, 0, 0, 0.1, 0, 0, 0
, 2, 1.25, 1.41, 1.36, 0.85, 0.93, 0.86, 0.85, 0.87, 0.92, 0.71, 0.77, 0.88, 0.9, 0.86, 0.82, 0.85, 0.71, 0.86, 0.83, 1.06, 0.72, 0.72, 0.85, 0.81, 0.62, 0.82, 0.81, 0.85, 0.76, 0.91, 0.78, 0.86, 0.93, 0.67, 0.77, 0.75, 0.74, 0.81, 0.72, 0.79, 0.77, 0.76, 0.78, 0.87, 0.68, 3.64, 4.16, 4.35
, , 1.1044, 1.23169, 1.14168, 0.925236, 0.86754, 0.99514, 0.903137, 1.0116, 0.906542, 0.795124, 0.802207, 0.966928, 0.915633, 0.899158, 0.796203, 0.868936, 0.902242, 0.816744, 0.910711, 1.23763, 0.85375, 0.817486, 0.868936, 0.884148, 0.735534, 0.833394, 1.00197, 0.903137, 0.854223, 0.922173, 0.905427, 0.93225, 0.987344, 0.829445, 0.839131, 0.903137, 0.905873, 0.928722, 0.95431, 0.945964, 0.874498, 0.842315, 1.00081, 0.939106, 0.827312, 1.70276, 1.53557, 1.78871
, 3, 0, 0, 0, 0.03, 0.03, 0.05, 0.03, 0.07, 0.02, 0.02, 0.02, 0.05, 0.05, 0.03, 0.01, 0, 0.02, 0.05, 0.05, 0.04, 0.05, 0.04, 0.05, 0.04, 0.04, 0.04, 0.03, 0.05, 0.04, 0.04, 0.04, 0.03, 0.01, 0.03, 0.03, 0.06, 0, 0.01, 0.01, 0.03, 0.03, 0.02, 0.05, 0.07, 0.01, 0.06, 0.02, 0.02
, , 0, 0, 0, 0.171447, 0.171447, 0.219043, 0.171447, 0.256432, 0.140705, 0.140705, 0.140705, 0.219043, 0.219043, 0.171447, 0.1, 0, 0.140705, 0.219043, 0.261116, 0.196946, 0.219043, 0.196946, 0.219043, 0.196946, 0.196946, 0.196946, 0.171447, 0.219043, 0.242878, 0.196946, 0.196946, 0.171447, 0.1, 0.171447, 0.171447, 0.277798, 0, 0.1, 0.1, 0.171447, 0.171447, 0.140705, 0.261116, 0.256432, 0.1, 0.238683, 0.140705, 0.140705
, 4, 0, 0, 0, 0.66, 0.75, 0.63, 0.56, 0.62, 0.64, 0.64, 0.58, 0.82, 0.58, 0.58, 0.65, 0.74, 0.74, 0.75, 0.66, 0.86, 0.6, 0.75, 0.66, 0.7, 0.77, 0.69, 0.73, 0.67, 0.78, 0.72, 0.69, 0.6, 0.79, 0.55, 0.62, 0.66, 0.7, 0.71, 0.56, 0.65, 0.56, 0.76, 0.84, 0.69, 0.59, 0, 0, 0
, , 0, 0, 0, 0.768312, 0.914253, 0.77401, 0.80804, 0.838228, 0.797977, 0.810537, 0.754515, 0.796203, 0.780831, 0.727247, 0.715979, 0.705247, 0.87178, 0.821123, 0.945163, 0.974628, 0.778499, 0.833333, 0.806789, 0.834847, 0.874498, 0.849183, 0.789515, 0.865209, 0.835815, 0.805035, 0.895499, 0.619547, 0.997927, 0.808728, 0.896458, 0.806789, 0.822659, 0.844411, 0.832666, 0.957427, 0.78264, 0.996154, 0.939804, 0.906709, 0.726066, 0, 0, 0
, 5, 0.21, 0.22, 0.22, 1.22, 1.22, 1.32, 1.26, 1.26, 1.14, 1.19, 1.19, 1.21, 1.17, 1.17, 0.98, 1.22, 1.07, 1.16, 1.35, 1.13, 1.34, 1.2, 1.04, 1.07, 1.42, 1.21, 0.97, 1.02, 1.02, 0.94, 1.22, 1.22, 1.12, 1.24, 1.2, 1.06, 1.2, 1.35, 1.38, 1.14, 1.14, 1.24, 1.1, 1.09, 1.25, 0.1, 0.11, 0.1
, , 0.456048, 0.483673, 0.462317, 1.01085, 0.959588, 1.01384, 0.927906, 1.01125, 0.964208, 0.917782, 0.950226, 0.913369, 0.985296, 0.943398, 1.01484, 0.970057, 0.945537, 0.950492, 0.880484, 0.906263, 0.976698, 0.876172, 0.994124, 0.855818, 1.03651, 0.977474, 0.904031, 0.953251, 0.828532, 0.850668, 0.959587, 0.970057, 0.913203, 1.08358, 0.97442, 0.885575, 1.03475, 1.04809, 0.918717, 0.829019, 1.00524, 0.954733, 0.948151, 0.954468, 0.903137, 0.333333, 0.37322, 0.301511
, 6, 1.99, 1.75, 1.78, 2.31, 2.12, 1.88, 2.1, 2.18, 2.25, 2.23, 2.23, 2.14, 2.38, 2.18, 2.33, 2.2, 1.95, 2.23, 2.16, 2.14, 2.18, 2.02, 2.07, 2.36, 2.09, 2.17, 2.48, 1.94, 2.45, 2.11, 2.01, 1.84, 2.11, 2.28, 2.21, 2.01, 2.19, 2.25, 1.79, 2.09, 2.3, 2.11, 2.13, 2.14, 2.27, 1.31, 1.14, 1.17
, , 1.30651, 1.20918, 1.43956, 1.50215, 1.60982, 1.40187, 1.4599, 1.29786, 1.38808, 1.44148, 1.52987, 1.44963, 1.43393, 1.44516, 1.77556, 1.44949, 1.43812, 1.47611, 1.41935, 1.33348, 1.49328, 1.65132, 1.50591, 1.57967, 1.39331, 1.7, 1.78365, 1.39131, 1.38808, 1.49676, 1.46677, 1.52236, 1.56924, 1.41478, 1.31268, 1.80065, 1.53541, 1.53987, 1.26567, 1.43615, 1.57313, 1.52352, 1.46097, 1.4, 1.54955, 1.22016, 1.18082, 1.1464
, 7, 0.95, 0.8, 0.87, 2.96, 3.23, 3, 3.24, 2.97, 3.25, 3.36, 2.9, 3.12, 3.24, 2.96, 3.24, 2.92, 3.19, 2.84, 2.88, 2.85, 2.98, 3.38, 3.09, 3.01, 3.26, 3.1, 3.2, 3.02, 2.77, 2.84, 2.52, 2.66, 3.14, 3.01, 2.83, 2.96, 2.85, 2.96, 3.01, 3.17, 2.92, 3.14, 3.14, 3.09, 2.85, 5.22, 5.21, 5.06
, , 0.936089, 0.876172, 0.860526, 1.81976, 1.72829, 1.80907, 1.68846, 1.87732, 1.95595, 1.73799, 1.81186, 1.65316, 1.8484, 1.80303, 1.63374, 1.86233, 1.94726, 1.94739, 1.73077, 1.61667, 1.80896, 2.12146, 1.85372, 2.02257, 1.98794, 1.86136, 1.79787, 1.86937, 1.89019, 1.62506, 1.83391, 1.91338, 1.94894, 1.70261, 1.89126, 1.83633, 1.77169, 1.79742, 1.93059, 2.14643, 1.87853, 1.68787, 1.78104, 1.94414, 1.73715, 2.32501, 2.39231, 1.95825
, 8, 0.55, 0.27, 0.44, 2.31, 2.46, 2.35, 2.03, 2.24, 2.07, 2.25, 2.38, 2.24, 2.42, 2.26, 2.38, 2.48, 2.2, 2.11, 2.26, 2.08, 2.45, 2.51, 2.4, 2.3, 2.1, 2.13, 2.36, 2.33, 2.33, 2.36, 2.34, 2.35, 2.26, 2.28, 2.18, 2.23, 2.25, 2.21, 2.24, 2.02, 2.35, 2.45, 2.24, 2.22, 2.13, 1.2, 1.15, 0.89
, , 0.808728, 0.468287, 0.640707, 1.5615, 1.45241, 1.29782, 1.65423, 1.39349, 1.53909, 1.35866, 1.57493, 1.45032, 1.37201, 1.46763, 1.33923, 1.45283, 1.34089, 1.41346, 1.36789, 1.35348, 1.61041, 1.43192, 1.56992, 1.21854, 1.48051, 1.39012, 1.38184, 1.54433, 1.60211, 1.50098, 1.37231, 1.47966, 1.25223, 1.38593, 1.46598, 1.43446, 1.49325, 1.3802, 1.39349, 1.27112, 1.44512, 1.55294, 1.58987, 1.54776, 1.57413, 1.05409, 1.07661, 1.08148
,Sum, 14.14, 13.93, 14.24, 11.92, 12.4, 11.75, 11.68, 11.88, 12.09, 11.7, 11.61, 11.84, 12.44, 11.68, 12.06, 12.1, 11.35, 11.54, 11.92, 11.78, 12.03, 12.39, 11.81, 11.65, 11.97, 11.71, 12.13, 11.53, 11.95, 11.66, 11.15, 10.88, 11.82, 11.65, 11.49, 11.18, 11.63, 11.84, 11.49, 11.62, 11.8, 11.85, 11.7, 11.75, 11.45, 18.42, 19.38, 18.96
, , 3.2907, 3.56542, 3.42044, 2.79494, 2.60923, 2.80467, 2.88458, 2.67529, 2.8713, 2.76887, 2.95725, 2.96007, 2.89311, 2.73725, 2.74808, 3.15108, 3.09243, 3.07292, 2.72171, 2.90099, 3.06645, 3.1395, 2.88043, 3.10872, 2.88309, 2.79717, 2.62719, 2.64558, 2.7866, 2.96178, 2.90376, 2.95173, 2.76844, 2.6567, 2.54056, 2.94865, 3.07369, 2.57698, 3.04344, 3.04439, 3.19406, 2.90724, 2.91461, 3.11521, 2.93146, 3.44416, 3.52704, 3.10399
Number Expired, 0, 0.01, 0.02, 0.03, 0.3, 0.61, 0.43, 0.42, 0.41, 0.42, 0.46, 0.45, 0.53, 0.3, 0.46, 0.36, 0.4, 0.41, 0.29, 0.48, 0.44, 0.48, 0.44, 0.36, 0.39, 0.57, 0.44, 0.38, 0.37, 0.37, 0.39, 0.46, 0.46, 0.47, 0.65, 0.48, 0.49, 0.35, 0.42, 0.4, 0.53, 0.49, 0.52, 0.42, 0.42, 0.51, 0.03, 0.04, 0.06
, , 0.1, 0.140705, 0.171447, 0.594588, 1.06263, 0.685418, 0.698917, 0.726066, 0.669388, 0.770937, 0.672324, 0.717107, 0.559581, 0.65782, 0.627968, 0.778499, 0.637149, 0.518253, 0.797471, 0.656283, 0.6739, 0.756387, 0.594928, 0.601261, 0.890522, 0.686375, 0.749141, 0.719919, 0.630135, 0.737112, 0.673, 0.79671, 0.717107, 1.34371, 0.797471, 0.87033, 0.641573, 0.727248, 0.666667, 0.834302, 0.674125, 0.858469, 0.669388, 0.727247, 0.958692, 0.171447, 0.196946, 0.277798
, 1, 0, 0, 0, 0, 0, 0, 0, 0, 0, 0, 0, 0, 0, 0, 0, 0, 0, 0, 0, 0, 0, 0, 0, 0, 0, 0, 0, 0, 0, 0, 0, 0, 0, 0, 0, 0, 0, 0, 0, 0, 0, 0, 0, 0, 0, 0, 0, 0
, , 0, 0, 0, 0, 0, 0, 0, 0, 0, 0, 0, 0, 0, 0, 0, 0, 0, 0, 0, 0, 0, 0, 0, 0, 0, 0, 0, 0, 0, 0, 0, 0, 0, 0, 0, 0, 0, 0, 0, 0, 0, 0, 0, 0, 0, 0, 0, 0
, 2, 0.03, 0.1, 0.15, 0.14, 0.16, 0.15, 0.19, 0.19, 0.15, 0.14, 0.15, 0.18, 0.14, 0.14, 0.11, 0.16, 0.21, 0.13, 0.18, 0.21, 0.14, 0.18, 0.16, 0.16, 0.2, 0.22, 0.2, 0.32, 0.16, 0.17, 0.11, 0.15, 0.19, 0.14, 0.21, 0.07, 0.22, 0.28, 0.27, 0.16, 0.27, 0.26, 0.2, 0.21, 0.24, 1.43, 2.09, 1.72
, , 0.171447, 0.301511, 0.457816, 0.402517, 0.419716, 0.479372, 0.419114, 0.506423, 0.35887, 0.348735, 0.385992, 0.457927, 0.376588, 0.348735, 0.37322, 0.368453, 0.53739, 0.366667, 0.557411, 0.456048, 0.402517, 0.457927, 0.443129, 0.443129, 0.471405, 0.439926, 0.449467, 0.617587, 0.394917, 0.427702, 0.314466, 0.35887, 0.486068, 0.402517, 0.477684, 0.256432, 0.595946, 0.514045, 0.565953, 0.394917, 0.565953, 0.46319, 0.449467, 0.53739, 0.552679, 1.44429, 1.73552, 1.3932
, 3, 0, 0, 0, 0, 0, 0, 0, 0, 0, 0, 0, 0, 0, 0, 0, 0, 0, 0, 0, 0, 0, 0, 0, 0, 0, 0, 0, 0, 0, 0, 0, 0, 0, 0, 0, 0, 0, 0, 0, 0, 0, 0, 0, 0, 0, 0.07, 0.15, 0.12
, , 0, 0, 0, 0, 0, 0, 0, 0, 0, 0, 0, 0, 0, 0, 0, 0, 0, 0, 0, 0, 0, 0, 0, 0, 0, 0, 0, 0, 0, 0, 0, 0, 0, 0, 0, 0, 0, 0, 0, 0, 0, 0, 0, 0, 0, 0.293189, 0.35887, 0.383498
, 4, 0, 0, 0, 0, 0, 0, 0, 0, 0, 0, 0, 0, 0, 0, 0, 0, 0, 0, 0, 0, 0, 0, 0, 0, 0, 0, 0, 0, 0, 0, 0, 0, 0, 0, 0.01, 0, 0, 0, 0, 0, 0, 0.01, 0, 0, 0, 0, 0, 0
, , 0, 0, 0, 0, 0, 0, 0, 0, 0, 0, 0, 0, 0, 0, 0, 0, 0, 0, 0, 0, 0, 0, 0, 0, 0, 0, 0, 0, 0, 0, 0, 0, 0, 0, 0.1, 0, 0, 0, 0, 0, 0, 0.1, 0, 0, 0, 0, 0, 0
, 5, 0, 0.02, 0.04, 0, 0, 0, 0, 0, 0, 0, 0, 0, 0, 0, 0, 0, 0, 0, 0, 0, 0, 0, 0, 0, 0, 0, 0, 0, 0, 0.01, 0, 0, 0, 0, 0, 0, 0, 0, 0, 0, 0, 0, 0, 0, 0, 0.06, 0.12, 0.09
, , 0, 0.140705, 0.196946, 0, 0, 0, 0, 0, 0, 0, 0, 0, 0, 0, 0, 0, 0, 0, 0, 0, 0, 0, 0, 0, 0, 0, 0, 0, 0, 0.1, 0, 0, 0, 0, 0, 0, 0, 0, 0, 0, 0, 0, 0, 0, 0, 0.238683, 0.356186, 0.320826
, 6, 0.09, 0.09, 0.07, 0.04, 0.07, 0.05, 0.01, 0.06, 0.01, 0.04, 0.01, 0.03, 0.06, 0.02, 0.07, 0.03, 0.03, 0.06, 0.04, 0.06, 0.05, 0.07, 0.04, 0.09, 0.04, 0.08, 0.02, 0.07, 0.04, 0.02, 0.05, 0.05, 0.07, 0.04, 0.05, 0.05, 0.03, 0.09, 0.03, 0.06, 0.07, 0.05, 0.05, 0.07, 0.09, 0.14, 0.18, 0.17
, , 0.287624, 0.287624, 0.293189, 0.196946, 0.293189, 0.219043, 0.1, 0.277798, 0.1, 0.196946, 0.1, 0.171447, 0.238683, 0.140705, 0.256432, 0.171447, 0.171447, 0.238683, 0.196946, 0.238683, 0.219043, 0.256432, 0.196946, 0.287623, 0.196946, 0.338744, 0.140705, 0.293189, 0.196946, 0.140705, 0.219043, 0.219043, 0.293189, 0.196946, 0.219043, 0.219043, 0.171447, 0.287623, 0.171447, 0.277798, 0.256432, 0.219043, 0.219043, 0.256432, 0.287623, 0.348735, 0.411452, 0.427702
, 7, 0.28, 0.23, 0.29, 0.84, 0.95, 0.98, 0.97, 1.11, 0.76, 0.78, 0.91, 0.93, 0.96, 0.94, 0.84, 0.83, 0.82, 0.91, 1.09, 0.92, 0.98, 1.05, 0.86, 0.87, 1.01, 1.15, 0.98, 1.03, 1.01, 0.99, 1.07, 1.06, 1.09, 1.18, 0.82, 1.23, 0.93, 1.04, 1.18, 1.12, 0.98, 1.21, 1.12, 1.02, 1.27, 0.67, 0.5, 0.52
, , 0.533333, 0.489382, 0.573752, 0.99209, 1.12254, 1.08227, 1.0867, 1.36991, 0.933333, 0.980414, 1.14676, 1.06605, 1.154, 1.10846, 0.939804, 1.05462, 0.978352, 1.10184, 1.23169, 1.21173, 1.10078, 1.11351, 0.953674, 0.991428, 1.1055, 1.08595, 0.994734, 1.12326, 1.08707, 1.23497, 1.08484, 1.05237, 1.04538, 2.21738, 0.978352, 1.27013, 1.26535, 1.07233, 1.24219, 1.22499, 1.18048, 1.32035, 1.05677, 1.21423, 1.69285, 0.853454, 0.689019, 0.784702
, 8, 0.03, 0.07, 0.04, 0, 0, 0, 0, 0, 0, 0, 0, 0, 0, 0, 0, 0, 0, 0, 0, 0, 0, 0, 0, 0, 0.01, 0, 0, 0, 0, 0, 0, 0, 0, 0, 0, 0, 0, 0, 0.01, 0, 0, 0, 0.01, 0, 0, 0.3, 0.28, 0.4
, , 0.171447, 0.256432, 0.196946, 0, 0, 0, 0, 0, 0, 0, 0, 0, 0, 0, 0, 0, 0, 0, 0, 0, 0, 0, 0, 0, 0.1, 0, 0, 0, 0, 0, 0, 0, 0, 0, 0, 0, 0, 0, 0.1, 0, 0, 0, 0.1, 0, 0, 0.522233, 0.494004, 0.603023
,Sum, 0.44, 0.53, 0.62, 1.32, 1.79, 1.61, 1.59, 1.77, 1.34, 1.42, 1.52, 1.67, 1.46, 1.56, 1.38, 1.42, 1.47, 1.39, 1.79, 1.63, 1.65, 1.74, 1.42, 1.51, 1.83, 1.89, 1.58, 1.79, 1.58, 1.58, 1.69, 1.72, 1.82, 2.01, 1.57, 1.84, 1.53, 1.83, 1.89, 1.87, 1.81, 2.05, 1.8, 1.72, 2.11, 2.7, 3.36, 3.08
, , 0.671498, 0.717107, 0.918717, 1.25433, 1.71914, 1.3991, 1.38604, 1.86328, 1.335, 1.45074, 1.5858, 1.33375, 1.51371, 1.42361, 1.39102, 1.53202, 1.53383, 1.27837, 2.01657, 1.40457, 1.53987, 1.70335, 1.2963, 1.36696, 1.70593, 1.44875, 1.2963, 1.62863, 1.43675, 1.72434, 1.47501, 1.46391, 1.55297, 3.61393, 1.47199, 1.65584, 1.70238, 1.47747, 1.56924, 1.92094, 1.57438, 1.91946, 1.51757, 1.64581, 2.61269, 1.91485, 2.1859, 1.94199
